CustomerID,Name,SignupDate,Region,CustomerSegment
C0001,Sherry Smith,18-06-2024,Delhi,Premium
C0002,Tammy King,16-08-2023,Bangalore,Regular
C0003,Matthew King,13-10-2023,Delhi,Regular
C0004,Grace Jones,29-12-2023,Bangalore,Premium
C0005,Nicholas Cortez,10-03-2024,Pune,Premium
C0006,Michael Watkins,29-09-2022,Delhi,Premium
C0007,Cindy Montoya,16-06-2023,Chennai,Regular
C0008,Casey Thompson,21-06-2024,Bangalore,Regular
C0009,Eric Simmons,04-04-2023,Pune,Regular
C0010,Michelle Holmes,18-06-2023,Mumbai,Premium
C0011,Jade Hoffman,17-04-2023,Mumbai,Wholesale
C0012,Natalie Carpenter,14-03-2024,Pune,Regular
C0013,Brent Gonzalez,30-12-2023,Kolkata,Premium
C0014,Michelle Davis,25-06-2024,Chennai,Premium
C0015,Timothy Carroll,30-12-2023,Chennai,Premium
C0016,Tamara Lynch,01-06-2024,Mumbai,Regular
C0017,Michelle Cox,13-04-2023,Hyderabad,Regular
C0018,Mark Rice,09-09-2023,Mumbai,Regular
C0019,Michelle Greene,15-09-2022,Hyderabad,Premium
C0020,Destiny Simmons,20-12-2023,Hyderabad,Regular
C0021,Mark Crane,01-04-2023,Bangalore,Regular
C0022,Jeffrey Lopez,28-08-2023,Mumbai,Premium
C0023,Keith Lewis,22-07-2023,Kolkata,Regular
C0024,Robert Ayala,30-04-2023,Hyderabad,Wholesale
C0025,Alexander Sanchez,16-06-2024,Bangalore,Regular
C0026,Shannon Townsend,22-08-2023,Chennai,Premium
C0027,John Lewis,02-11-2023,Chennai,Premium
C0028,Jeremy Tyler,10-03-2023,Chennai,Premium
C0029,Amber Horne,15-02-2024,Delhi,Regular
C0030,Sherri Mann,20-08-2023,Delhi,Regular
C0031,Cody Padilla,16-10-2023,Chennai,Premium
C0032,Monique Perez,07-06-2024,Chennai,Premium
C0033,Johnny Bates,04-02-2023,Hyderabad,Regular
C0034,Scott Goodwin,09-02-2023,Mumbai,Premium
C0035,Jennifer Bryant,15-06-2024,Delhi,Premium
C0036,Megan Johnson,10-07-2024,Pune,Regular
C0037,Dan Jimenez,28-03-2023,Chennai,Premium
C0038,Dennis Ross,25-09-2023,Mumbai,Premium
C0039,Mark Sanders,11-01-2023,Bangalore,Wholesale
C0040,Edward Cochran,20-07-2024,Chennai,Regular
C0041,Rebecca Watkins,19-07-2024,Pune,Premium
C0042,Rebecca Olsen,29-07-2024,Bangalore,Regular
C0043,Shelley Sosa,07-06-2023,Mumbai,Regular
C0044,Nancy Carrillo,12-06-2024,Bangalore,Wholesale
C0045,Danielle Hanson,05-01-2023,Kolkata,Wholesale
C0046,Kristin Thompson,12-09-2023,Delhi,Premium
C0047,Keith Green,24-12-2023,Hyderabad,Wholesale
C0048,Bethany Smith,08-01-2024,Mumbai,Regular
C0049,Kathleen Compton,20-09-2022,Hyderabad,Regular
C0050,Jason Lynch,25-06-2024,Hyderabad,Regular
C0051,Michael Baker,26-04-2024,Bangalore,Regular
C0052,Donald Welch,30-01-2023,Pune,Premium
C0053,Christopher Santos,09-05-2024,Kolkata,Regular
C0054,Dennis Shepard,30-09-2022,Hyderabad,Premium
C0055,Jesse Wright,07-07-2023,Pune,Premium
C0056,Amy Rios,28-05-2023,Hyderabad,Regular
C0057,Abigail Pittman,23-04-2024,Bangalore,Regular
C0058,Maria Hernandez,13-08-2023,Delhi,Premium
C0059,Andrew Ramirez,08-06-2024,Delhi,Premium
C0060,Kimberly Gonzalez,19-06-2024,Pune,Regular
C0061,Deanna Marshall,31-12-2022,Hyderabad,Regular
C0062,Hailey Mckenzie,24-12-2023,Mumbai,Premium
C0063,Christopher Walters,06-09-2023,Delhi,Regular
C0064,Stephen Mendoza,03-07-2023,Delhi,Regular
C0065,Amanda Wagner,03-07-2023,Pune,Regular
C0066,Gregory Rush,22-09-2022,Bangalore,Regular
C0067,Kaitlyn Krause,17-12-2023,Hyderabad,Regular
C0068,Erin Wood,04-05-2024,Chennai,Regular
C0069,William Carroll,13-09-2023,Chennai,Wholesale
C0070,Luke Keller,12-08-2024,Delhi,Premium
C0071,Susan Blackwell MD,12-08-2024,Mumbai,Wholesale
C0072,Tiffany Sutton,09-12-2022,Kolkata,Regular
C0073,Daniel Lee,14-10-2023,Kolkata,Premium
C0074,Cody Fuller,23-12-2022,Bangalore,Regular
C0075,Jordan Wade,23-03-2024,Bangalore,Regular
C0076,Jeremy Johnson,26-01-2023,Pune,Regular
C0077,Jeffrey Davis,13-09-2022,Bangalore,Premium
C0078,Sean Hayes,08-04-2023,Kolkata,Premium
C0079,Richard Lewis,13-09-2022,Bangalore,Premium
C0080,Dennis Gates,29-02-2024,Mumbai,Regular
C0081,Amber Santiago,26-03-2023,Kolkata,Regular
C0082,Harold Marshall,04-08-2024,Delhi,Premium
C0083,Colton Sanchez,21-05-2023,Chennai,Premium
C0084,Nathan Zimmerman,26-08-2024,Mumbai,Wholesale
C0085,Julia Baldwin,29-01-2023,Chennai,Regular
C0086,Isaiah Phillips,02-06-2024,Chennai,Premium
C0087,Cynthia Marshall,29-08-2023,Bangalore,Regular
C0088,Kathy Hayes,29-07-2023,Mumbai,Regular
C0089,Corey Ayers,31-05-2024,Delhi,Wholesale
C0090,Andrew Campbell,21-05-2024,Kolkata,Regular
C0091,Anna Camacho,29-03-2024,Delhi,Regular
C0092,Brandy Williamson,25-05-2023,Kolkata,Regular
C0093,Nathaniel Cameron,02-10-2023,Hyderabad,Regular
C0094,Debra Ortiz,16-05-2023,Bangalore,Regular
C0095,Thomas Jacobson,29-08-2023,Pune,Premium
C0096,Jack Gonzalez,09-11-2023,Kolkata,Premium
C0097,Cameron Murray,01-08-2023,Bangalore,Regular
C0098,Belinda Young,16-08-2024,Bangalore,Premium
C0099,Sean Hood,22-10-2023,Bangalore,Premium
C0100,Tonya Lozano,07-02-2023,Pune,Premium
C0101,Kelly Edwards,10-11-2023,Bangalore,Regular
C0102,Cassandra Brady MD,27-03-2024,Bangalore,Wholesale
C0103,Sarah Medina,27-07-2023,Bangalore,Premium
C0104,Susan Mcdonald,23-07-2023,Bangalore,Regular
C0105,Tonya Diaz,11-05-2023,Bangalore,Premium
C0106,Jennifer Cooper,17-05-2023,Pune,Regular
C0107,John Cross,16-06-2023,Pune,Wholesale
C0108,Kimberly Davis,11-01-2024,Chennai,Premium
C0109,Karen Robinson,04-06-2024,Hyderabad,Premium
C0110,Brian Meyer,03-10-2023,Pune,Premium
C0111,Peter White,08-06-2023,Pune,Regular
C0112,Joseph Johnson,27-03-2023,Chennai,Regular
C0113,Catherine Carroll,18-07-2023,Chennai,Regular
C0114,David Deleon,28-01-2024,Pune,Regular
C0115,Kevin Haynes,04-06-2024,Kolkata,Premium
C0116,Jake Lopez,09-01-2024,Chennai,Premium
C0117,Bethany Soto,23-11-2023,Kolkata,Regular
C0118,Annette Underwood,17-07-2023,Hyderabad,Wholesale
C0119,Caroline Ortega,18-04-2023,Bangalore,Regular
C0120,Tammy David,07-09-2023,Kolkata,Wholesale
C0121,Nicholas Frye,06-09-2023,Kolkata,Premium
C0122,Zachary Solis,01-08-2024,Mumbai,Regular
C0123,Amy Nguyen,04-10-2022,Kolkata,Regular
C0124,James Flores,22-09-2023,Mumbai,Regular
C0125,Katherine Fleming,03-02-2023,Delhi,Regular
C0126,Lisa Dunn,05-10-2023,Chennai,Premium
C0127,Christopher Adams,24-10-2023,Bangalore,Premium
C0128,Juan Liu,05-11-2023,Chennai,Regular
C0129,Adam Scott,18-05-2024,Bangalore,Wholesale
C0130,Javier Thomas,31-05-2023,Kolkata,Premium
C0131,Jeffrey Mckee DVM,30-03-2024,Kolkata,Regular
C0132,Krista Boone,26-02-2023,Chennai,Regular
C0133,Brooke Berg,16-06-2023,Kolkata,Regular
C0134,Elizabeth Mann,30-07-2024,Pune,Regular
C0135,Scott Valdez,23-11-2023,Pune,Premium
C0136,Amber Vazquez,09-12-2023,Delhi,Wholesale
C0137,Mary Stafford,08-03-2024,Delhi,Regular
C0138,Patrick Lewis,31-03-2023,Kolkata,Regular
C0139,Brittany Barrett,11-11-2023,Pune,Premium
C0140,Calvin Howe,23-12-2022,Pune,Premium
C0141,Stephanie Bishop,13-05-2024,Kolkata,Premium
C0142,Juan Mooney,23-09-2023,Delhi,Regular
C0143,Cody Olson,30-03-2024,Bangalore,Wholesale
C0144,Billy Oliver,22-04-2023,Hyderabad,Regular
C0145,Daniel Alvarado,05-12-2023,Pune,Premium
C0146,Heidi Lawrence,05-02-2023,Delhi,Premium
C0147,Steven Price,25-02-2024,Kolkata,Premium
C0148,Joshua Ryan,03-09-2024,Kolkata,Regular
C0149,Gina Barnett,17-08-2023,Mumbai,Regular
C0150,Madison Perez,25-11-2022,Chennai,Regular
C0151,Robert Ellis,25-03-2023,Pune,Premium
C0152,Steven Scott,08-03-2023,Mumbai,Premium
C0153,Russell Gilmore,02-03-2023,Mumbai,Regular
C0154,Tiffany Hurst,03-02-2024,Kolkata,Premium
C0155,Dale Hatfield,24-06-2024,Kolkata,Regular
C0156,Eric Lawrence,26-12-2022,Hyderabad,Regular
C0157,Penny Lee,12-08-2024,Hyderabad,Premium
C0158,Jessica Kline,13-04-2023,Delhi,Regular
C0159,Evelyn Miller,02-03-2023,Kolkata,Regular
C0160,Connor Rangel,31-05-2024,Pune,Regular
C0161,Diana Little,05-10-2023,Chennai,Regular
C0162,Maria Schultz,24-08-2023,Hyderabad,Regular
C0163,Julian Peters,18-11-2022,Chennai,Wholesale
C0164,Steven Miller,02-12-2022,Pune,Regular
C0165,Tyler Reed,17-06-2023,Delhi,Regular
C0166,Ronald Hall,12-09-2023,Kolkata,Premium
C0167,Allison Thompson,10-11-2023,Kolkata,Wholesale
C0168,George Cox,08-04-2023,Mumbai,Wholesale
C0169,Jason Daniel,24-04-2023,Chennai,Regular
C0170,Sandra Campbell,20-05-2024,Bangalore,Premium
C0171,Derek Pacheco,07-11-2023,Chennai,Regular
C0172,Shane Smith,21-03-2023,Delhi,Premium
C0173,Jonathan Johnson,29-10-2023,Kolkata,Regular
C0174,Kimberly Rodriguez,16-04-2024,Delhi,Regular
C0175,Edward Taylor,04-08-2024,Delhi,Regular
C0176,Glenn Lopez,14-03-2023,Hyderabad,Regular
C0177,Andre White,08-10-2022,Chennai,Premium
C0178,Michele Oneill,07-06-2023,Pune,Regular
C0179,Antonio Wright,07-10-2023,Kolkata,Premium
C0180,Isaiah Reyes,31-12-2023,Kolkata,Regular
C0181,Rebecca Santiago,27-06-2024,Delhi,Regular
C0182,Patrick Cervantes,28-06-2023,Chennai,Regular
C0183,John Pearson,27-11-2022,Pune,Premium
C0184,Sally Bright,04-09-2023,Pune,Regular
C0185,Kristen Lewis,24-05-2024,Chennai,Premium
C0186,Katie Oconnor,11-07-2023,Hyderabad,Regular
C0187,Dr. Linda Hernandez,28-05-2024,Hyderabad,Premium
C0188,Billy Johnson,12-05-2023,Pune,Regular
C0189,Yvonne Johnson,16-10-2023,Chennai,Premium
C0190,Lisa Lane,04-11-2022,Hyderabad,Wholesale
C0191,John Schmidt,22-09-2022,Chennai,Regular
C0192,John Anthony,15-11-2022,Delhi,Regular
C0193,Michael Burke,20-10-2023,Delhi,Regular
C0194,Wendy Gibbs,15-05-2024,Hyderabad,Regular
C0195,Cheryl Hill,15-02-2024,Delhi,Regular
C0196,Danny Chapman,23-11-2023,Mumbai,Premium
C0197,Rebecca Henderson,27-05-2023,Delhi,Regular
C0198,Jessica Mcguire,25-03-2023,Chennai,Regular
C0199,Bradley Dominguez,11-01-2023,Pune,Wholesale
C0200,Tiffany King,19-10-2023,Pune,Premium
C0201,Shelly Alvarado,20-03-2024,Delhi,Regular
C0202,Misty Padilla,11-06-2024,Delhi,Regular
C0203,Tammy Stewart,16-11-2023,Mumbai,Regular
C0204,Katie Craig,19-12-2023,Pune,Wholesale
C0205,Alexis Harding,16-06-2024,Pune,Regular
C0206,Emily Torres,01-06-2024,Chennai,Regular
C0207,Dustin Peters,09-03-2024,Hyderabad,Regular
C0208,Alexander Flowers,15-02-2024,Mumbai,Regular
C0209,Benjamin Fischer,03-08-2023,Mumbai,Regular
C0210,Christy Bryant,21-05-2024,Pune,Wholesale
C0211,Brian Allen,01-05-2024,Kolkata,Wholesale
C0212,Morgan Price,28-06-2024,Mumbai,Regular
C0213,Rhonda Long,07-09-2024,Chennai,Regular
C0214,Lisa Good,23-06-2024,Hyderabad,Premium
C0215,Alfred Young,23-05-2024,Kolkata,Regular
C0216,Edwin Wright,09-08-2023,Chennai,Regular
C0217,Christina Watkins,06-09-2024,Bangalore,Premium
C0218,Kimberly Schneider,27-07-2023,Hyderabad,Regular
C0219,Thomas Braun,10-04-2023,Pune,Regular
C0220,Lauren Burns,28-04-2024,Chennai,Regular
C0221,Michael Long,26-09-2023,Kolkata,Regular
C0222,James Wagner,19-09-2023,Kolkata,Regular
C0223,Michael Smith,17-04-2024,Hyderabad,Wholesale
C0224,Stephen Simon,10-05-2024,Mumbai,Regular
C0225,Nathaniel Johnson,06-06-2024,Pune,Premium
C0226,Walter Norris,04-11-2022,Hyderabad,Regular
C0227,Corey Gilbert,03-06-2023,Hyderabad,Regular
C0228,John Harrell,21-06-2024,Delhi,Regular
C0229,Matthew Dunn,15-10-2022,Chennai,Regular
C0230,Timothy Chavez,29-10-2022,Pune,Regular
C0231,Renee Church,06-08-2023,Mumbai,Regular
C0232,Stacey Franklin,21-04-2023,Chennai,Regular
C0233,Brian Colon,12-11-2023,Mumbai,Premium
C0234,William Flores,15-04-2024,Bangalore,Premium
C0235,Judy Douglas,16-08-2023,Bangalore,Regular
C0236,Brittany Brown,14-08-2023,Chennai,Premium
C0237,Mrs. Angela Williamson,28-05-2023,Chennai,Wholesale
C0238,Patrick Daniels,08-06-2023,Mumbai,Regular
C0239,John Edwards,16-12-2022,Kolkata,Premium
C0240,Kelly Gomez,29-08-2023,Kolkata,Regular
C0241,Kevin Dean,02-10-2022,Chennai,Regular
C0242,Daniel Smith,02-02-2023,Hyderabad,Premium
C0243,Wanda Dunn,16-06-2024,Hyderabad,Regular
C0244,Anna Thompson,29-01-2024,Pune,Premium
C0245,Maria Moore,24-06-2024,Hyderabad,Regular
C0246,John Flynn,29-10-2022,Mumbai,Regular
C0247,Leslie Acosta,01-10-2022,Delhi,Premium
C0248,Curtis Kline,29-06-2024,Hyderabad,Premium
C0249,Toni Wade,15-10-2023,Mumbai,Regular
C0250,Lindsey Jordan,04-11-2022,Chennai,Premium
C0251,Holly Wilson,08-06-2024,Bangalore,Regular
C0252,Richard Drake,16-05-2023,Bangalore,Regular
C0253,Susan Martinez,02-11-2022,Pune,Regular
C0254,Tracy Rodriguez,11-07-2023,Chennai,Regular
C0255,Mary Johnson,09-07-2023,Bangalore,Regular
C0256,Joshua White,13-07-2024,Bangalore,Premium
C0257,Alex Hatfield,25-09-2023,Mumbai,Regular
C0258,Christopher Gordon,02-02-2024,Hyderabad,Regular
C0259,Amy Potter,25-02-2023,Chennai,Regular
C0260,Colton Boyd,11-07-2024,Hyderabad,Premium
C0261,Nicole Perez,14-03-2023,Mumbai,Regular
C0262,Marie Russo,14-12-2023,Chennai,Regular
C0263,Ashley Rhodes,19-10-2023,Pune,Regular
C0264,Martin Miranda,06-06-2024,Delhi,Regular
C0265,Robert Kelly,05-09-2023,Bangalore,Regular
C0266,Lisa Owen,11-04-2023,Chennai,Regular
C0267,Tyler Turner,17-07-2024,Delhi,Premium
C0268,Dawn Wagner,09-08-2023,Bangalore,Wholesale
C0269,Christopher Willis,01-03-2024,Delhi,Regular
C0270,John Nelson,25-04-2023,Pune,Regular
C0271,Mrs. Kathleen Herrera,03-05-2023,Pune,Regular
C0272,George Werner,03-02-2023,Pune,Regular
C0273,Brittany Parker,05-01-2024,Kolkata,Regular
C0274,Dawn Mejia,27-04-2023,Pune,Premium
C0275,Victoria Garcia,11-01-2024,Kolkata,Regular
C0276,Emma Melendez,18-02-2024,Delhi,Regular
C0277,Brandi Garrison,05-06-2023,Kolkata,Premium
C0278,Joshua Williams,12-04-2024,Hyderabad,Premium
C0279,Julian Maxwell,22-07-2024,Pune,Premium
C0280,Jeffrey Lyons,22-08-2023,Kolkata,Regular
C0281,Gregory Thompson,24-07-2024,Chennai,Premium
C0282,Patrick Adkins,05-02-2023,Chennai,Premium
C0283,Megan Davis,11-06-2023,Bangalore,Regular
C0284,David Perkins,20-11-2022,Mumbai,Regular
C0285,David Serrano,24-07-2023,Hyderabad,Regular
C0286,Vincent Dixon,20-12-2022,Mumbai,Regular
C0287,Lacey Lopez,21-11-2023,Mumbai,Regular
C0288,Diana Phillips,10-06-2023,Kolkata,Regular
C0289,Benjamin Clay IV,24-08-2024,Mumbai,Regular
C0290,John Baker,17-09-2022,Pune,Wholesale
C0291,Christie Sandoval,27-01-2024,Delhi,Regular
C0292,Gregory Hill,24-04-2023,Mumbai,Regular
C0293,Mrs. Phyllis Lewis,29-01-2023,Delhi,Regular
C0294,Nancy Buchanan,26-07-2023,Chennai,Premium
C0295,Brittany Flowers,20-09-2022,Pune,Regular
C0296,Stephanie Phillips,12-03-2023,Kolkata,Premium
C0297,Michelle Christensen,30-09-2023,Hyderabad,Premium
C0298,Hannah Hammond,12-06-2023,Bangalore,Regular
C0299,Sarah Hays,29-08-2024,Bangalore,Regular
C0300,Kathy Proctor,08-08-2023,Kolkata,Regular
C0301,Tracy Green,17-04-2024,Kolkata,Regular
C0302,Kathleen Miller,08-03-2023,Delhi,Regular
C0303,Holly Morgan,09-12-2023,Bangalore,Regular
C0304,Ethan Fischer,19-11-2022,Hyderabad,Regular
C0305,Mario Salazar,10-09-2024,Pune,Regular
C0306,Denise Mathews,27-12-2022,Bangalore,Premium
C0307,Ronnie Gonzalez DDS,02-10-2023,Kolkata,Premium
C0308,Robin Clark,22-04-2024,Bangalore,Wholesale
C0309,Kyle Duran,07-09-2023,Bangalore,Premium
C0310,Vickie Thompson,08-09-2024,Bangalore,Regular
C0311,Paul Hicks,18-03-2024,Pune,Premium
C0312,John Soto,16-01-2024,Delhi,Regular
C0313,Robert Sanchez,14-12-2022,Kolkata,Premium
C0314,Chelsea Herrera,23-01-2024,Hyderabad,Wholesale
C0315,Beth Reid,26-08-2023,Delhi,Wholesale
C0316,Anita Lee,14-01-2023,Mumbai,Premium
C0317,Robert Johnson,16-07-2024,Delhi,Premium
C0318,Dustin Gonzalez,29-07-2023,Delhi,Wholesale
C0319,Pamela Miller,21-08-2023,Delhi,Premium
C0320,Jessica Stokes,08-04-2023,Bangalore,Wholesale
C0321,Michelle Castro,27-05-2024,Delhi,Regular
C0322,Phillip Morrison,15-10-2023,Delhi,Regular
C0323,Jennifer Cervantes,21-07-2023,Pune,Regular
C0324,Amanda Hampton MD,28-04-2024,Bangalore,Premium
C0325,Lori Acosta,17-08-2024,Chennai,Regular
C0326,Bruce Salazar,09-11-2022,Hyderabad,Regular
C0327,Amy Steele,09-10-2023,Kolkata,Regular
C0328,Holly Jackson,01-05-2023,Chennai,Premium
C0329,Travis Sanders,14-08-2023,Delhi,Regular
C0330,Maria Wright,11-03-2024,Bangalore,Regular
C0331,Amanda Mason,26-04-2023,Chennai,Premium
C0332,Jose Molina,14-03-2023,Kolkata,Regular
C0333,Ray Thompson,05-05-2023,Bangalore,Premium
C0334,Donna Singh,21-06-2023,Mumbai,Premium
C0335,Melissa Garcia,13-01-2024,Chennai,Regular
C0336,Jessica Chambers,29-03-2023,Kolkata,Regular
C0337,Heather Brooks,21-04-2023,Hyderabad,Regular
C0338,Maurice Scott,30-07-2023,Kolkata,Premium
C0339,John Lopez,24-11-2023,Bangalore,Regular
C0340,Martin Mullen,04-12-2023,Delhi,Premium
C0341,Scott Salinas,28-06-2024,Mumbai,Wholesale
C0342,Mathew Thomas,13-10-2022,Delhi,Regular
C0343,Meghan Gray,03-08-2023,Pune,Premium
C0344,Valerie Sparks,25-09-2022,Pune,Premium
C0345,Maria Fox,22-01-2023,Kolkata,Regular
C0346,Timothy Adams,27-06-2024,Delhi,Regular
C0347,David Hill,16-01-2024,Kolkata,Premium
C0348,Emily Lee,27-02-2024,Chennai,Wholesale
C0349,Joseph Mckenzie,01-01-2023,Mumbai,Regular
C0350,Leah Hubbard,09-03-2024,Chennai,Wholesale
C0351,Matthew Hammond,21-01-2023,Delhi,Wholesale
C0352,Matthew Sanchez,26-02-2023,Hyderabad,Wholesale
C0353,Kathy Livingston,18-12-2022,Bangalore,Regular
C0354,Colleen White,05-07-2024,Bangalore,Regular
C0355,Anthony Garcia,26-12-2022,Pune,Regular
C0356,Dr. Sarah Jones,10-01-2024,Delhi,Wholesale
C0357,Anthony Edwards,29-10-2023,Mumbai,Regular
C0358,Keith Ruiz,05-03-2023,Pune,Regular
C0359,Jeremy Hobbs,29-04-2023,Pune,Regular
C0360,Robert Hess,03-05-2024,Mumbai,Regular
C0361,Jill Norton,15-12-2023,Delhi,Regular
C0362,Morgan Nelson,01-06-2024,Delhi,Premium
C0363,Eddie Villanueva,30-08-2024,Hyderabad,Regular
C0364,Beth Wood,16-09-2023,Chennai,Premium
C0365,Brittany Taylor,30-11-2022,Pune,Regular
C0366,James Ramirez,11-11-2023,Chennai,Regular
C0367,Chelsea Diaz,03-11-2023,Chennai,Premium
C0368,Kyle Scott,31-01-2024,Hyderabad,Regular
C0369,Michael Harvey,08-10-2022,Bangalore,Wholesale
C0370,Donald Joseph,14-04-2024,Chennai,Regular
C0371,Emily Richmond,30-11-2023,Bangalore,Regular
C0372,Leslie Li,13-01-2024,Delhi,Premium
C0373,Alexis Shannon,03-06-2023,Hyderabad,Premium
C0374,Mary Hooper,14-07-2023,Bangalore,Regular
C0375,Michael Miles,10-04-2023,Chennai,Premium
C0376,Thomas Warner,21-08-2024,Pune,Regular
C0377,Kirsten Frazier,29-09-2023,Hyderabad,Premium
C0378,Mark Zhang,10-08-2023,Kolkata,Regular
C0379,Meagan Ortiz,10-09-2023,Pune,Regular
C0380,Vanessa Smith,22-08-2024,Chennai,Premium
C0381,John Vargas,13-06-2024,Mumbai,Premium
C0382,Janet Davis,23-04-2024,Bangalore,Regular
C0383,Kaitlyn Ortiz,31-01-2023,Kolkata,Wholesale
C0384,Jackson Turner,02-12-2022,Pune,Premium
C0385,Peter Duncan,05-11-2022,Kolkata,Premium
C0386,Jessica King,02-11-2023,Delhi,Regular
C0387,Victoria Daniels,17-12-2022,Pune,Regular
C0388,Dr. Julie Bell,01-07-2023,Chennai,Premium
C0389,Heather Malone,08-03-2024,Chennai,Premium
C0390,Peter Soto,29-12-2022,Delhi,Regular
C0391,Karen Hanson,12-05-2023,Pune,Premium
C0392,John Knox,03-02-2024,Hyderabad,Regular
C0393,Whitney Santos,31-07-2024,Chennai,Wholesale
C0394,Kimberly Lewis,25-02-2023,Kolkata,Regular
C0395,Kenneth Ross,22-06-2023,Kolkata,Regular
C0396,Rhonda Wilson,09-06-2024,Hyderabad,Regular
C0397,George Woodward,23-08-2023,Hyderabad,Regular
C0398,Bryan Morris,24-06-2024,Hyderabad,Premium
C0399,Joshua Ross,13-12-2023,Chennai,Regular
C0400,Debbie Fleming,08-10-2022,Delhi,Wholesale
C0401,Amanda Wilson,11-06-2023,Mumbai,Regular
C0402,Julia Peterson,13-04-2024,Hyderabad,Regular
C0403,Mark Stevens,29-09-2022,Bangalore,Regular
C0404,Katie Thompson,09-02-2023,Delhi,Regular
C0405,Jeremy Tucker,18-01-2024,Delhi,Regular
C0406,Raymond Rodriguez,21-12-2023,Hyderabad,Regular
C0407,Kathy Daniels,01-05-2023,Delhi,Premium
C0408,George Clark,23-09-2023,Bangalore,Regular
C0409,Eddie Perkins,10-07-2024,Pune,Premium
C0410,Nicholas Wiley,08-06-2024,Kolkata,Regular
C0411,Mrs. Jennifer Malone,30-01-2024,Bangalore,Premium
C0412,Tina Farrell,02-11-2023,Mumbai,Premium
C0413,Christine Lane,27-12-2023,Kolkata,Regular
C0414,Timothy Lewis,31-01-2023,Kolkata,Regular
C0415,Maria Cook,11-04-2024,Bangalore,Regular
C0416,Alicia Keller,26-06-2023,Mumbai,Regular
C0417,Jamie Hill,21-04-2023,Bangalore,Regular
C0418,Robert Summers,21-08-2024,Chennai,Premium
C0419,Brandon Martin,08-10-2022,Delhi,Regular
C0420,Patricia Baldwin,24-05-2023,Delhi,Premium
C0421,Jamie Myers,04-03-2024,Mumbai,Regular
C0422,Christopher Clark,05-05-2023,Kolkata,Premium
C0423,Lauren Contreras,01-12-2022,Bangalore,Premium
C0424,Kenneth Peterson,21-02-2023,Kolkata,Regular
C0425,David Davis,21-11-2023,Hyderabad,Regular
C0426,Kathryn Kline,31-01-2023,Delhi,Regular
C0427,David Doyle,17-03-2024,Kolkata,Premium
C0428,John Stevens,01-05-2024,Bangalore,Premium
C0429,Joel Wright,23-07-2023,Delhi,Regular
C0430,Amy Jones,18-09-2022,Hyderabad,Wholesale
C0431,Angela Young,06-04-2024,Pune,Regular
C0432,Nichole Gregory,25-08-2023,Kolkata,Premium
C0433,Kaylee Weeks,03-07-2024,Hyderabad,Wholesale
C0434,Jennifer Garner,17-10-2023,Delhi,Regular
C0435,Bobby Salinas,30-01-2023,Chennai,Wholesale
C0436,Patricia Walker,09-11-2022,Chennai,Premium
C0437,Rhonda Valdez,29-05-2024,Delhi,Regular
C0438,Amy Miller,14-08-2024,Pune,Premium
C0439,Rachel Williams,16-09-2022,Kolkata,Regular
C0440,Paul Mcdowell,13-08-2023,Chennai,Premium
C0441,Thomas George,10-06-2024,Hyderabad,Regular
C0442,Brenda Lee,06-03-2024,Kolkata,Regular
C0443,Rebecca Gray,21-01-2024,Hyderabad,Regular
C0444,Willie Jones,23-01-2024,Pune,Regular
C0445,Christina Smith,03-06-2024,Bangalore,Wholesale
C0446,Pamela Wyatt,05-09-2023,Delhi,Regular
C0447,Kevin Cummings,27-10-2022,Pune,Premium
C0448,Chase Wise,26-09-2023,Kolkata,Regular
C0449,Douglas Moore,10-04-2024,Delhi,Regular
C0450,Amanda Arnold,08-05-2024,Chennai,Premium
C0451,Natalie Keith,14-11-2023,Kolkata,Premium
C0452,Ruth Lam,26-10-2022,Hyderabad,Premium
C0453,Alexa Gill,08-05-2024,Mumbai,Regular
C0454,Kevin Berger,14-11-2023,Delhi,Regular
C0455,Tanya Davis,27-04-2023,Delhi,Regular
C0456,Jon Armstrong,04-05-2024,Kolkata,Premium
C0457,Eric Walters,24-12-2022,Kolkata,Wholesale
C0458,Shelley Murray,25-05-2023,Hyderabad,Premium
C0459,Jessica Butler,06-12-2022,Hyderabad,Premium
C0460,Amanda Cline,16-04-2024,Mumbai,Regular
C0461,Seth Sullivan,08-05-2023,Chennai,Regular
C0462,Mr. Nicholas Lee MD,20-01-2023,Kolkata,Regular
C0463,Paul West,14-12-2022,Chennai,Regular
C0464,Elizabeth Mcbride,16-11-2022,Mumbai,Regular
C0465,Peter Mcfarland,13-01-2023,Chennai,Regular
C0466,Kimberly Le,03-01-2024,Kolkata,Regular
C0467,Jessica Smith,08-02-2023,Bangalore,Regular
C0468,Rodney Barnes,28-07-2024,Delhi,Regular
C0469,Jason Randall,14-02-2024,Delhi,Premium
C0470,Nicholas Lang,09-11-2022,Delhi,Regular
C0471,Mary Dunn,12-10-2022,Hyderabad,Premium
C0472,David Pineda DDS,29-02-2024,Chennai,Wholesale
C0473,Thomas Phillips,13-07-2023,Hyderabad,Regular
C0474,Edward Riley,12-01-2023,Mumbai,Regular
C0475,Patricia Marshall,25-01-2024,Kolkata,Regular
C0476,Tara Wu,08-01-2023,Pune,Wholesale
C0477,Mary Garcia,06-02-2023,Hyderabad,Regular
C0478,Evan Rivera,11-07-2024,Kolkata,Premium
C0479,Krystal Robinson,25-02-2024,Delhi,Premium
C0480,John Atkins,23-07-2023,Pune,Premium
C0481,Joseph Marquez,04-04-2023,Kolkata,Regular
C0482,Jason Santiago,04-05-2024,Kolkata,Wholesale
C0483,Justin Daniels,10-06-2023,Mumbai,Regular
C0484,Keith Anderson,03-09-2024,Pune,Wholesale
C0485,Sheila Berg,04-07-2023,Bangalore,Premium
C0486,Mary Garcia,25-09-2022,Chennai,Regular
C0487,Donald Green,30-08-2024,Chennai,Regular
C0488,Regina Horne,13-06-2024,Mumbai,Premium
C0489,Steven Conner,18-01-2023,Mumbai,Regular
C0490,Michael Green,18-12-2022,Kolkata,Regular
C0491,Michelle Williams,14-05-2024,Hyderabad,Premium
C0492,Matthew Duncan,24-07-2024,Mumbai,Regular
C0493,Thomas Price,24-12-2023,Pune,Wholesale
C0494,Darrell Munoz,26-12-2023,Hyderabad,Regular
C0495,James Ortiz,16-11-2023,Hyderabad,Regular
C0496,Angela Clark,10-05-2024,Delhi,Premium
C0497,Mr. Daniel Montgomery,14-10-2022,Chennai,Premium
C0498,Alexander Frazier,06-10-2022,Delhi,Regular
C0499,Cristina Lee,07-08-2023,Delhi,Premium
C0500,Bryan Morales,05-03-2023,Hyderabad,Premium
C0501,Carolyn Jackson,14-03-2023,Bangalore,Regular
C0502,Kristy Miller,21-09-2023,Pune,Regular
C0503,Kristi Martinez,22-09-2023,Hyderabad,Premium
C0504,Michael Stone,25-06-2024,Kolkata,Premium
C0505,Marvin Payne,30-12-2022,Kolkata,Regular
C0506,Lori Moore,24-05-2024,Chennai,Regular
C0507,Sheila Zimmerman,10-05-2023,Chennai,Regular
C0508,Sarah Day,28-10-2023,Chennai,Premium
C0509,Thomas Armstrong,09-06-2023,Mumbai,Wholesale
C0510,Jason Castaneda,13-03-2024,Kolkata,Regular
C0511,Jaclyn Martin,23-06-2024,Bangalore,Regular
C0512,Christopher Nelson,11-11-2022,Kolkata,Premium
C0513,Jeremy Harper,17-02-2023,Delhi,Premium
C0514,Megan Rasmussen,06-11-2022,Delhi,Regular
C0515,Rodney Parker,07-08-2023,Hyderabad,Regular
C0516,Jennifer Zimmerman,15-10-2022,Hyderabad,Regular
C0517,Joseph Santana,05-10-2022,Kolkata,Regular
C0518,Robert Evans,23-02-2024,Kolkata,Regular
C0519,Dr. Elizabeth Reyes,13-11-2022,Mumbai,Regular
C0520,Casey Villegas,15-05-2023,Pune,Regular
C0521,Vanessa Price,15-05-2024,Mumbai,Regular
C0522,Stephanie Davis,17-05-2024,Mumbai,Wholesale
C0523,Teresa Franklin,07-08-2024,Kolkata,Regular
C0524,Lisa Juarez,17-07-2024,Bangalore,Premium
C0525,Gabriel Jones,09-12-2023,Kolkata,Regular
C0526,Chris Santiago,20-02-2024,Hyderabad,Regular
C0527,Rachael Moore,19-02-2024,Pune,Regular
C0528,April Smith,07-10-2023,Hyderabad,Premium
C0529,James Roth,15-03-2024,Bangalore,Regular
C0530,Stephanie Hernandez,04-11-2023,Chennai,Premium
C0531,Michael Lawrence,12-07-2024,Chennai,Regular
C0532,Stacey Henry,19-07-2023,Chennai,Premium
C0533,Derek Benton,14-03-2024,Kolkata,Regular
C0534,Adam Morris,27-05-2023,Mumbai,Wholesale
C0535,Julie Williams,02-04-2023,Delhi,Regular
C0536,Savannah Adams,03-04-2024,Hyderabad,Regular
C0537,Stacy Pearson,06-09-2024,Chennai,Regular
C0538,Heather Moore,28-02-2023,Delhi,Regular
C0539,James Evans,02-02-2024,Bangalore,Wholesale
C0540,Michael Parsons,11-12-2023,Kolkata,Premium
C0541,Tara Brown,23-10-2023,Mumbai,Regular
C0542,Raymond Fuller,19-05-2024,Chennai,Premium
C0543,Stephanie Vazquez,06-09-2023,Bangalore,Premium
C0544,Stephanie Grant,22-11-2023,Hyderabad,Regular
C0545,Lori Rowe,12-07-2023,Delhi,Premium
C0546,Willie Scott,01-10-2023,Pune,Premium
C0547,Crystal Hunt,23-04-2023,Pune,Premium
C0548,Jeffrey Hernandez,19-03-2024,Pune,Regular
C0549,Ariel Smith,16-06-2023,Bangalore,Regular
C0550,Paula Taylor,10-02-2023,Chennai,Wholesale
C0551,Eric Burton,20-01-2023,Chennai,Premium
C0552,Katie Miller,03-08-2023,Mumbai,Regular
C0553,Ashlee Oliver,12-01-2023,Kolkata,Regular
C0554,Judy Simmons,14-05-2023,Kolkata,Regular
C0555,Michael Norris,28-04-2023,Kolkata,Regular
C0556,Linda Thomas,15-09-2023,Kolkata,Regular
C0557,Matthew Lawrence,07-04-2023,Kolkata,Regular
C0558,Albert Gamble,18-10-2023,Pune,Premium
C0559,Brian Holland,21-11-2023,Chennai,Regular
C0560,Jorge Mann,19-02-2023,Mumbai,Premium
C0561,David Gibson,22-08-2024,Bangalore,Regular
C0562,Bradley Wiggins,06-04-2023,Bangalore,Premium
C0563,Samantha Perez,05-11-2023,Kolkata,Premium
C0564,Mr. Jeremy Ross III,21-07-2023,Delhi,Regular
C0565,Michael Hatfield,13-06-2023,Mumbai,Wholesale
C0566,David Brown,03-04-2023,Mumbai,Premium
C0567,Lauren Bolton,18-10-2022,Chennai,Regular
C0568,Joshua Taylor,11-12-2022,Bangalore,Premium
C0569,Adrienne Williams,09-01-2024,Pune,Regular
C0570,Curtis Dunn,12-01-2024,Chennai,Regular
C0571,Mr. Nicholas Smith,25-11-2023,Mumbai,Regular
C0572,Jeremy Boone III,21-07-2024,Hyderabad,Regular
C0573,Christopher Holder,15-10-2022,Kolkata,Regular
C0574,Linda Cruz,26-04-2023,Kolkata,Premium
C0575,David Duran,03-09-2023,Kolkata,Regular
C0576,Debra Brown,13-11-2022,Chennai,Regular
C0577,Beverly Martin,17-11-2022,Mumbai,Regular
C0578,Willie Duke,30-05-2024,Hyderabad,Premium
C0579,Mrs. Denise Brown,30-05-2024,Hyderabad,Wholesale
C0580,Amber Sanders,05-02-2024,Hyderabad,Wholesale
C0581,Jacqueline Martinez,06-07-2024,Mumbai,Regular
C0582,Angel Perkins,07-11-2022,Hyderabad,Premium
C0583,Emma Fernandez,08-12-2022,Chennai,Regular
C0584,Jessica Duran,20-12-2022,Pune,Premium
C0585,Wayne Leon,08-06-2024,Pune,Wholesale
C0586,Matthew James,20-04-2024,Hyderabad,Regular
C0587,Joseph Gonzalez,06-02-2024,Pune,Regular
C0588,Troy Landry,09-08-2023,Mumbai,Regular
C0589,Jennifer Ferguson,21-04-2024,Bangalore,Regular
C0590,Christina Hernandez,18-05-2024,Bangalore,Regular
C0591,Christopher Wright DDS,13-10-2023,Bangalore,Wholesale
C0592,Edward Brooks,28-05-2023,Mumbai,Regular
C0593,Michael Hunter,26-10-2023,Mumbai,Regular
C0594,Audrey Riddle,09-01-2023,Hyderabad,Regular
C0595,Todd Flores DVM,22-07-2024,Kolkata,Regular
C0596,Jacqueline Calderon,31-08-2023,Hyderabad,Premium
C0597,Brandi Booth,04-09-2024,Bangalore,Wholesale
C0598,Jillian Harrington,08-04-2023,Pune,Regular
C0599,Raymond Mendoza,25-09-2022,Hyderabad,Regular
C0600,Amanda Taylor,27-07-2024,Mumbai,Regular
C0601,Laura Garcia,20-12-2022,Delhi,Regular
C0602,Megan Pennington,17-10-2023,Pune,Regular
C0603,Alexis Garcia,03-02-2023,Chennai,Regular
C0604,Michelle Hernandez,02-10-2022,Mumbai,Regular
C0605,Bradley Mosley,25-11-2022,Kolkata,Regular
C0606,Jasmine Lawrence,04-02-2024,Mumbai,Regular
C0607,Kevin White PhD,17-01-2024,Chennai,Premium
C0608,Betty Hogan,25-10-2022,Hyderabad,Wholesale
C0609,Dr. Krystal Clark,16-11-2022,Bangalore,Premium
C0610,Stacy Ward,11-03-2023,Kolkata,Regular
C0611,Laura Patton,12-07-2024,Kolkata,Regular
C0612,Andrew Taylor,23-07-2023,Kolkata,Premium
C0613,David Snow,05-07-2023,Bangalore,Premium
C0614,Karen Phillips,22-05-2023,Chennai,Regular
C0615,April Glover,16-09-2022,Mumbai,Wholesale
C0616,Randy Pratt,21-09-2023,Pune,Premium
C0617,Donald Torres,13-12-2022,Delhi,Regular
C0618,Jennifer Blackburn,24-12-2023,Hyderabad,Regular
C0619,John Baker,25-03-2023,Chennai,Premium
C0620,Teresa Lyons,12-11-2023,Chennai,Premium
C0621,Scott Reynolds,05-12-2022,Bangalore,Regular
C0622,Terry Andrade,30-11-2022,Mumbai,Premium
C0623,Lori Peterson,16-02-2024,Chennai,Regular
C0624,Benjamin May,28-05-2023,Mumbai,Premium
C0625,Gary Allen,13-12-2022,Hyderabad,Regular
C0626,Joyce Thomas,15-08-2024,Mumbai,Regular
C0627,Melissa Williams,04-03-2023,Kolkata,Regular
C0628,Jennifer Flores,31-03-2023,Mumbai,Regular
C0629,Jon Hill,15-11-2022,Delhi,Regular
C0630,Alexandra Tran,21-09-2023,Pune,Premium
C0631,Melinda Garcia,02-04-2023,Delhi,Regular
C0632,Heather Jackson,20-10-2022,Kolkata,Regular
C0633,Benjamin Caldwell,29-08-2023,Delhi,Regular
C0634,Peter Hanson,28-11-2023,Delhi,Premium
C0635,Timothy Fitzpatrick,28-03-2023,Delhi,Regular
C0636,Jasmin Martinez,11-11-2022,Kolkata,Regular
C0637,Roberta Duran,13-10-2022,Chennai,Regular
C0638,Todd Lewis,23-02-2023,Delhi,Regular
C0639,Deborah Jackson,03-02-2023,Mumbai,Premium
C0640,Sean Reeves,24-08-2023,Mumbai,Premium
C0641,Brad Smith DDS,05-03-2023,Delhi,Regular
C0642,Rebecca Nelson,13-12-2022,Bangalore,Regular
C0643,Jennifer Gonzales,25-09-2022,Delhi,Regular
C0644,Ebony Leonard,04-09-2023,Mumbai,Regular
C0645,Kristin Shelton,30-08-2023,Mumbai,Regular
C0646,Damon Terry,02-09-2023,Mumbai,Regular
C0647,Amanda Mitchell,15-01-2023,Delhi,Premium
C0648,Robert Chapman,13-07-2024,Chennai,Regular
C0649,Nicholas Monroe,22-04-2023,Mumbai,Regular
C0650,Wendy Long MD,25-01-2023,Kolkata,Regular
C0651,Robert Myers,03-11-2022,Chennai,Regular
C0652,Kristen Castro,05-07-2024,Mumbai,Wholesale
C0653,Marvin Fox,22-12-2023,Pune,Premium
C0654,Debbie Vega,14-04-2023,Pune,Regular
C0655,Lisa Mcdowell,11-05-2023,Mumbai,Regular
C0656,William Carter,04-06-2024,Hyderabad,Regular
C0657,Marie Ortiz,17-01-2024,Pune,Premium
C0658,Rachel Herrera,17-08-2024,Mumbai,Regular
C0659,Brenda Long,14-08-2023,Mumbai,Regular
C0660,Rodney Webb,29-07-2024,Hyderabad,Premium
C0661,Nicholas Bentley,24-10-2022,Mumbai,Regular
C0662,Brian Davis,23-04-2024,Pune,Regular
C0663,Timothy Baker,05-07-2023,Delhi,Regular
C0664,Christian Wright,06-02-2024,Kolkata,Premium
C0665,Sarah Williams,14-02-2023,Chennai,Premium
C0666,Caitlin Marshall,18-02-2024,Delhi,Regular
C0667,Angela Rogers,09-02-2024,Hyderabad,Regular
C0668,Jordan Smith,01-04-2023,Chennai,Regular
C0669,Deborah Martin,26-08-2024,Mumbai,Regular
C0670,Jennifer James,25-06-2023,Kolkata,Wholesale
C0671,Ronald Smith,16-07-2024,Bangalore,Premium
C0672,Amanda Ramos,07-11-2023,Kolkata,Regular
C0673,Marc Douglas,26-11-2023,Kolkata,Premium
C0674,Sarah Davis,28-07-2024,Hyderabad,Regular
C0675,Amanda Lopez,26-11-2022,Pune,Regular
C0676,Hailey Myers,25-10-2022,Kolkata,Regular
C0677,Michelle Ward,17-10-2022,Chennai,Regular
C0678,Shawn Bailey,19-08-2023,Hyderabad,Regular
C0679,Elizabeth Griffin,24-08-2023,Hyderabad,Premium
C0680,Destiny Torres,17-10-2023,Chennai,Regular
C0681,Terri Walton,13-08-2024,Hyderabad,Premium
C0682,Elizabeth Mccullough,29-05-2024,Bangalore,Regular
C0683,Laura Martinez,11-05-2024,Pune,Wholesale
C0684,Mary Alvarez,21-03-2023,Delhi,Regular
C0685,Sarah Johnson,14-06-2024,Mumbai,Premium
C0686,Todd Adams,02-11-2022,Kolkata,Regular
C0687,Jonathan Nguyen,08-04-2024,Mumbai,Regular
C0688,Joshua Sullivan,27-03-2024,Kolkata,Regular
C0689,Mark Mack,14-05-2024,Bangalore,Regular
C0690,Todd Torres,07-01-2023,Chennai,Regular
C0691,David Baker,14-02-2023,Kolkata,Premium
C0692,Mary Turner,20-08-2024,Bangalore,Regular
C0693,Dr. Julie Bridges DDS,18-11-2022,Hyderabad,Regular
C0694,Michael Booth,07-05-2023,Bangalore,Premium
C0695,Kelly Medina,21-10-2023,Chennai,Premium
C0696,John Lewis,31-05-2023,Kolkata,Wholesale
C0697,Jean Howard,09-02-2023,Kolkata,Regular
C0698,Brian Briggs,18-09-2023,Pune,Regular
C0699,Heather Kennedy,24-05-2023,Hyderabad,Regular
C0700,Daniel Guerrero,13-03-2024,Pune,Regular
C0701,Jennifer Anderson,05-08-2024,Chennai,Premium
C0702,Kathleen Hanson,04-10-2022,Bangalore,Premium
C0703,Amy Washington,24-02-2023,Bangalore,Premium
C0704,Jason Andersen,24-07-2023,Hyderabad,Premium
C0705,Rose Walker,01-10-2022,Mumbai,Premium
C0706,John Cisneros,09-02-2023,Delhi,Regular
C0707,Virginia Rodriguez,23-10-2023,Mumbai,Premium
C0708,Hannah Ochoa,01-07-2024,Kolkata,Regular
C0709,Erin Lewis,24-11-2023,Delhi,Premium
C0710,Christy Green,11-06-2023,Pune,Regular
C0711,Kurt Hurst,29-08-2024,Bangalore,Premium
C0712,Tara Leon,26-05-2024,Delhi,Premium
C0713,Megan Wood,20-09-2023,Bangalore,Premium
C0714,Sandra Harmon MD,08-07-2023,Delhi,Regular
C0715,Christina Castro,30-06-2023,Bangalore,Regular
C0716,Mark Hoover,07-09-2024,Pune,Regular
C0717,Peggy Middleton DVM,01-12-2023,Bangalore,Premium
C0718,Kim Molina,20-05-2024,Delhi,Premium
C0719,Brandon Walker,30-04-2024,Mumbai,Regular
C0720,Tara Kelly,26-11-2022,Mumbai,Regular
C0721,Laura Thompson,19-06-2023,Kolkata,Premium
C0722,Shawn Allen,13-07-2024,Chennai,Regular
C0723,Ashley White,14-02-2024,Pune,Premium
C0724,Terry Ward,09-06-2024,Hyderabad,Regular
C0725,Cynthia Duncan,12-06-2023,Pune,Regular
C0726,Kimberly Johnson,07-05-2024,Hyderabad,Wholesale
C0727,Kevin Brooks,06-05-2023,Delhi,Regular
C0728,Danielle Daniel,05-02-2024,Kolkata,Regular
C0729,John Ray,30-05-2024,Kolkata,Wholesale
C0730,Vanessa Davis,31-10-2023,Mumbai,Premium
C0731,Rachel Hendrix,18-10-2023,Hyderabad,Regular
C0732,Katherine Haynes,12-02-2024,Mumbai,Premium
C0733,Michael Hall,17-10-2022,Kolkata,Wholesale
C0734,John Williams,14-12-2023,Hyderabad,Regular
C0735,Kimberly Perez,27-01-2023,Mumbai,Regular
C0736,Mary Morris,03-09-2023,Hyderabad,Regular
C0737,Alan Wood,16-05-2023,Chennai,Regular
C0738,Tanya Crawford MD,13-05-2024,Pune,Regular
C0739,Brandon Yu,17-09-2023,Pune,Premium
C0740,Carlos Patel,11-02-2023,Hyderabad,Regular
C0741,Jeffrey Morris,28-11-2022,Mumbai,Regular
C0742,Latoya Olson,28-04-2023,Kolkata,Wholesale
C0743,Troy Roberts,19-06-2024,Chennai,Regular
C0744,Shannon Gonzalez,14-06-2023,Mumbai,Regular
C0745,John Barker DVM,14-08-2023,Bangalore,Premium
C0746,Ronald Weaver,19-08-2023,Mumbai,Wholesale
C0747,Amanda Anderson,01-08-2023,Pune,Regular
C0748,Peggy Montgomery,27-10-2023,Mumbai,Regular
C0749,David Garza,18-05-2024,Hyderabad,Premium
C0750,James Allison,15-05-2023,Hyderabad,Premium
C0751,Brandon Ruiz,31-10-2023,Delhi,Regular
C0752,Jonathan Gonzalez,23-03-2024,Bangalore,Premium
C0753,Gregory Rhodes,17-04-2023,Bangalore,Premium
C0754,Christopher White,21-02-2024,Kolkata,Premium
C0755,Christopher Hill,23-05-2023,Hyderabad,Regular
C0756,Joseph Kemp,22-05-2024,Delhi,Regular
C0757,Brooke Gonzalez,03-05-2024,Mumbai,Premium
C0758,Dean Neal,06-07-2024,Bangalore,Premium
C0759,Denise Rush,02-05-2023,Kolkata,Wholesale
C0760,Justin Gonzales,05-03-2024,Kolkata,Premium
C0761,Crystal Fisher,02-07-2023,Hyderabad,Premium
C0762,Abigail Dyer,19-02-2023,Mumbai,Regular
C0763,Jenna Steele,25-06-2023,Bangalore,Premium
C0764,Andrew Chavez,26-04-2024,Bangalore,Premium
C0765,Antonio Knight,21-02-2023,Chennai,Wholesale
C0766,Steven Payne,07-07-2023,Hyderabad,Premium
C0767,Dr. Alan Burgess,19-04-2023,Chennai,Regular
C0768,Douglas Simmons,27-06-2024,Delhi,Regular
C0769,Steven Adams Jr.,12-07-2023,Chennai,Regular
C0770,Tamara Hebert,03-12-2023,Bangalore,Regular
C0771,Luis Ryan,06-09-2023,Hyderabad,Premium
C0772,Carrie Johnson,25-11-2022,Delhi,Regular
C0773,David Kim,11-08-2024,Chennai,Regular
C0774,Justin Mora,16-05-2024,Pune,Regular
C0775,Jacqueline Barnes,19-05-2024,Chennai,Wholesale
C0776,Kevin Martin,05-11-2022,Delhi,Regular
C0777,Joshua Stanley,07-11-2023,Kolkata,Regular
C0778,Angela Allen,30-01-2023,Bangalore,Regular
C0779,Ashley Shah,08-09-2023,Mumbai,Premium
C0780,David Walsh,21-01-2023,Bangalore,Regular
C0781,Anna Lopez,22-11-2023,Delhi,Regular
C0782,Lisa Gillespie,25-06-2024,Delhi,Regular
C0783,James Brooks MD,07-06-2024,Mumbai,Regular
C0784,Cheryl Collins,16-07-2023,Hyderabad,Regular
C0785,Keith Holmes,11-03-2024,Chennai,Regular
C0786,Christopher Hansen,28-10-2023,Hyderabad,Premium
C0787,John Cannon,17-09-2023,Bangalore,Premium
C0788,Cindy Stewart,20-08-2023,Mumbai,Regular
C0789,Lisa Franco,16-06-2023,Mumbai,Regular
C0790,Cameron Ramirez,04-06-2024,Hyderabad,Regular
C0791,Jonathan Phillips,11-08-2024,Delhi,Regular
C0792,Sheryl Barry,15-08-2024,Kolkata,Regular
C0793,Barry Riley,19-01-2023,Bangalore,Regular
C0794,Mrs. Brandi Romero,07-05-2023,Pune,Wholesale
C0795,Monique Tate,16-07-2023,Bangalore,Regular
C0796,Ruth Torres,08-05-2024,Bangalore,Regular
C0797,Susan Robinson,26-09-2023,Chennai,Regular
C0798,Bethany Cantrell,05-12-2023,Delhi,Regular
C0799,Amber Boone,21-10-2023,Kolkata,Regular
C0800,Vanessa Ball,06-03-2023,Kolkata,Regular
C0801,Charles Holmes,18-07-2023,Chennai,Premium
C0802,Debra Torres,20-10-2023,Hyderabad,Premium
C0803,Lee Rogers,23-06-2024,Chennai,Wholesale
C0804,Tyler Mora,20-03-2023,Bangalore,Regular
C0805,Lori Daniels,01-06-2023,Kolkata,Regular
C0806,Gary Smith,25-12-2023,Hyderabad,Premium
C0807,Chase Stewart,16-11-2023,Delhi,Premium
C0808,Tyler Ramirez,30-05-2024,Kolkata,Regular
C0809,Jessica Gardner,28-07-2024,Pune,Wholesale
C0810,Dana Mays,05-02-2023,Kolkata,Regular
C0811,Michele Johnson,07-07-2023,Bangalore,Premium
C0812,Jose Fitzgerald,07-02-2023,Bangalore,Wholesale
C0813,Shane Nicholson,17-08-2023,Hyderabad,Wholesale
C0814,Carolyn Cuevas,06-07-2023,Kolkata,Regular
C0815,Katie Randall,09-09-2023,Bangalore,Premium
C0816,Thomas Terry,03-05-2024,Chennai,Regular
C0817,Mrs. Amy Barton,31-12-2022,Hyderabad,Premium
C0818,David Clark,11-11-2023,Pune,Regular
C0819,Jason Howard,05-08-2024,Delhi,Premium
C0820,Matthew Brewer,20-01-2023,Mumbai,Regular
C0821,Julian Edwards,31-12-2022,Hyderabad,Regular
C0822,Carlos Howard,11-05-2024,Hyderabad,Regular
C0823,Michael Johnston,26-08-2023,Hyderabad,Regular
C0824,Carlos Riley,12-11-2022,Delhi,Regular
C0825,Rhonda Baker,12-04-2023,Hyderabad,Regular
C0826,Sarah White,09-07-2024,Pune,Premium
C0827,Scott Snow,27-01-2023,Chennai,Regular
C0828,Samantha Lin,12-07-2024,Kolkata,Regular
C0829,Carmen Ramsey,15-10-2023,Mumbai,Regular
C0830,Jenny Estrada,16-03-2023,Kolkata,Regular
C0831,Diane Beck,07-01-2024,Hyderabad,Premium
C0832,Richard Wells,13-09-2022,Delhi,Wholesale
C0833,Jennifer Thompson MD,27-01-2023,Delhi,Regular
C0834,Matthew Thomas,07-11-2023,Hyderabad,Regular
C0835,Angela Burke,03-08-2023,Mumbai,Regular
C0836,Patricia Ramirez,29-01-2024,Pune,Regular
C0837,Robert Anderson,12-10-2023,Mumbai,Regular
C0838,James Lee,03-01-2023,Pune,Premium
C0839,Krystal Hardy,13-05-2023,Hyderabad,Premium
C0840,Gary Garza,13-12-2023,Kolkata,Regular
C0841,Anthony Miller,11-06-2024,Kolkata,Regular
C0842,David Mitchell,21-05-2024,Delhi,Regular
C0843,Erica Simmons,01-12-2022,Chennai,Premium
C0844,Jocelyn Burton,14-09-2023,Pune,Regular
C0845,Jerry Walker,30-10-2022,Pune,Premium
C0846,Stephanie Sheppard,21-10-2023,Chennai,Regular
C0847,Mary Garrett,22-01-2024,Delhi,Premium
C0848,Brittany George,11-04-2024,Bangalore,Premium
C0849,Cynthia Gordon,09-09-2023,Delhi,Regular
C0850,Hector Evans,17-06-2023,Delhi,Regular
C0851,Randy Howell,08-10-2023,Mumbai,Premium
C0852,Kristin Smith MD,26-10-2023,Mumbai,Regular
C0853,Jordan Harvey,25-07-2024,Bangalore,Regular
C0854,Ashley Thornton,18-11-2022,Pune,Regular
C0855,Rhonda Barron,04-07-2023,Chennai,Wholesale
C0856,Andrew Mclaughlin,17-10-2023,Mumbai,Regular
C0857,Dr. Heather Miller,06-04-2023,Bangalore,Regular
C0858,Mr. Gregory Roman,04-02-2024,Kolkata,Wholesale
C0859,Jacob Johnson,29-10-2023,Hyderabad,Premium
C0860,Amanda Cooper,23-05-2023,Delhi,Regular
C0861,Adam Price,09-04-2023,Mumbai,Regular
C0862,Michael Parker,04-07-2024,Kolkata,Regular
C0863,Krista Mcdaniel,27-05-2024,Pune,Premium
C0864,Devin Dixon,29-06-2024,Chennai,Premium
C0865,Anna Johnson,05-12-2022,Delhi,Regular
C0866,Bradley Sanders,04-02-2023,Bangalore,Regular
C0867,Patrick Welch,28-08-2024,Hyderabad,Regular
C0868,Christie Harding,04-05-2024,Kolkata,Regular
C0869,Dana Hawkins,13-03-2023,Kolkata,Regular
C0870,Maria Thompson,16-03-2024,Kolkata,Regular
C0871,Tyler Miller,24-06-2024,Bangalore,Regular
C0872,Joyce Gaines,20-11-2022,Bangalore,Premium
C0873,Courtney Lowe,30-07-2023,Hyderabad,Regular
C0874,Sarah Gomez,19-09-2023,Delhi,Premium
C0875,Bryan Young,09-08-2024,Mumbai,Premium
C0876,Nicole Hoover,01-08-2023,Chennai,Regular
C0877,Lisa Castaneda,29-11-2023,Pune,Regular
C0878,Aaron Hoffman,07-03-2024,Delhi,Wholesale
C0879,James Hays,23-09-2023,Mumbai,Premium
C0880,Bailey Gonzalez,18-08-2024,Pune,Premium
C0881,Christine Snyder,17-05-2023,Pune,Regular
C0882,Jennifer Kelly,09-12-2022,Delhi,Regular
C0883,Steven Cuevas,28-11-2022,Delhi,Premium
C0884,Michael Hansen,05-10-2022,Pune,Regular
C0885,Aaron Garcia,27-11-2022,Hyderabad,Premium
C0886,Kevin Woods,15-08-2023,Mumbai,Regular
C0887,Amanda Mitchell DDS,20-08-2024,Hyderabad,Regular
C0888,Kathleen Stevenson,24-01-2024,Delhi,Regular
C0889,David Fletcher,21-03-2024,Kolkata,Regular
C0890,Brenda Mann,17-02-2024,Bangalore,Regular
C0891,Kristin Jones,18-09-2022,Chennai,Regular
C0892,Trevor Zamora,26-01-2024,Chennai,Wholesale
C0893,Paige Hutchinson,06-12-2023,Mumbai,Wholesale
C0894,Amy Newton,25-10-2022,Kolkata,Wholesale
C0895,Kenneth Davidson,06-01-2023,Bangalore,Regular
C0896,Michele Chambers,15-04-2024,Mumbai,Regular
C0897,Kevin Walker,24-06-2023,Hyderabad,Regular
C0898,Miss Christine Phillips,14-10-2023,Delhi,Regular
C0899,Mary Moore,05-07-2023,Chennai,Premium
C0900,Teresa Sharp,22-12-2023,Delhi,Regular
C0901,Shannon Boone,13-06-2024,Bangalore,Regular
C0902,Colin Gray,28-09-2023,Kolkata,Regular
C0903,Lori Brown,18-02-2024,Hyderabad,Regular
C0904,Dwayne Rivera,29-03-2024,Delhi,Regular
C0905,Katie Jackson,08-01-2024,Kolkata,Regular
C0906,Isaac Berger,20-05-2024,Kolkata,Regular
C0907,David Morris,01-05-2024,Pune,Regular
C0908,Bryan Sanders,25-10-2023,Pune,Regular
C0909,Dr. John Davis,10-12-2022,Bangalore,Premium
C0910,Jessica Blankenship,30-08-2024,Chennai,Regular
C0911,Kerry Cooper,21-06-2024,Kolkata,Premium
C0912,Barbara Swanson,21-11-2023,Kolkata,Regular
C0913,Jackie Mueller,20-01-2024,Hyderabad,Premium
C0914,Michael Horne,11-04-2023,Chennai,Regular
C0915,Christina Hutchinson,08-01-2023,Kolkata,Regular
C0916,Martin Palmer,21-09-2022,Delhi,Premium
C0917,Susan Bradford,23-06-2024,Mumbai,Premium
C0918,Autumn Craig,29-02-2024,Mumbai,Regular
C0919,Jacob Ramirez,05-07-2024,Bangalore,Regular
C0920,Holly Johnson,18-04-2024,Pune,Premium
C0921,Anthony James,24-06-2024,Delhi,Premium
C0922,Gary Price,30-04-2023,Delhi,Regular
C0923,John Gallegos,05-11-2023,Delhi,Regular
C0924,Kathy Villegas,13-10-2022,Hyderabad,Premium
C0925,Samantha Williams,26-09-2023,Kolkata,Premium
C0926,Matthew Logan,30-12-2022,Chennai,Regular
C0927,Michael Marquez,07-05-2023,Chennai,Premium
C0928,Chad Hansen,02-03-2023,Chennai,Regular
C0929,Brittany Watkins,28-04-2024,Delhi,Regular
C0930,Ebony Ryan,13-07-2024,Chennai,Regular
C0931,Andrew Scott,09-03-2024,Kolkata,Premium
C0932,Randy Stevenson,14-09-2023,Delhi,Regular
C0933,Dylan Jones,29-04-2023,Mumbai,Premium
C0934,Brenda Sandoval,06-07-2023,Hyderabad,Regular
C0935,Allison Sloan,08-08-2024,Pune,Regular
C0936,Reginald Cox,01-03-2024,Bangalore,Regular
C0937,Michael Jackson,02-09-2023,Mumbai,Regular
C0938,Raymond Baker,19-11-2023,Hyderabad,Premium
C0939,Thomas Robinson,13-02-2024,Pune,Regular
C0940,Jennifer Estes,17-02-2023,Delhi,Regular
C0941,Brian Rodriguez,09-01-2023,Mumbai,Regular
C0942,Linda Malone,27-08-2023,Kolkata,Regular
C0943,Pamela Robinson,14-06-2024,Chennai,Premium
C0944,Daniel Vaughn,13-10-2023,Mumbai,Premium
C0945,Chelsea Garza,16-08-2024,Chennai,Regular
C0946,Melissa Mccarthy,08-10-2023,Delhi,Regular
C0947,Justin Johnson,14-01-2023,Chennai,Regular
C0948,Matthew Rojas,26-05-2024,Mumbai,Regular
C0949,Kenneth Robinson,15-09-2022,Hyderabad,Premium
C0950,Taylor Cook,24-10-2023,Kolkata,Regular
C0951,Cassandra Vasquez,19-07-2023,Kolkata,Wholesale
C0952,Anthony Smith,25-06-2024,Chennai,Premium
C0953,Taylor Miller,03-01-2023,Chennai,Regular
C0954,Nicholas Jackson,13-04-2023,Bangalore,Premium
C0955,Allison Solomon,21-04-2024,Hyderabad,Regular
C0956,Kenneth Roberson,21-10-2022,Mumbai,Regular
C0957,Thomas Carter,14-07-2023,Kolkata,Regular
C0958,Margaret Collier,08-09-2024,Chennai,Regular
C0959,Jill Hughes,26-05-2024,Chennai,Regular
C0960,Kristie Alvarez,21-06-2024,Pune,Regular
C0961,Robert Moore,15-10-2022,Kolkata,Premium
C0962,Paul Ayala,09-07-2024,Chennai,Premium
C0963,Mary Webb,27-10-2022,Delhi,Premium
C0964,Teresa Brown,05-02-2024,Hyderabad,Regular
C0965,Eric Rodriguez,09-03-2023,Delhi,Regular
C0966,Timothy Greene,18-01-2024,Mumbai,Regular
C0967,Bryan Ferguson,10-11-2023,Delhi,Regular
C0968,Keith Drake,15-03-2024,Kolkata,Regular
C0969,Angela Lin,12-11-2022,Pune,Regular
C0970,Erika Smith,02-02-2024,Hyderabad,Wholesale
C0971,Tracy Bowen,04-01-2024,Chennai,Wholesale
C0972,Christopher Young,10-07-2024,Kolkata,Regular
C0973,Ashley Marks,10-01-2024,Chennai,Premium
C0974,Leah Mcgrath,01-05-2024,Hyderabad,Wholesale
C0975,Jason Jackson,02-11-2022,Hyderabad,Premium
C0976,Laura Navarro,29-12-2022,Hyderabad,Premium
C0977,James Wilson,29-11-2022,Kolkata,Premium
C0978,Stephanie Davis,25-08-2024,Kolkata,Premium
C0979,Angela Morales,05-03-2023,Mumbai,Regular
C0980,Mary Clark,17-01-2023,Delhi,Regular
C0981,Vincent Walker,07-10-2023,Delhi,Regular
C0982,Kyle Campbell,20-12-2022,Hyderabad,Regular
C0983,Dean Meyer,19-05-2023,Chennai,Regular
C0984,Linda Finley,18-10-2023,Kolkata,Regular
C0985,April Melton,13-10-2022,Bangalore,Regular
C0986,Elaine Gay,29-01-2024,Hyderabad,Regular
C0987,Steven Gordon,26-08-2023,Bangalore,Regular
C0988,Amy Pruitt,03-01-2023,Delhi,Regular
C0989,Christian Douglas,08-06-2023,Hyderabad,Regular
C0990,Linda Pierce,08-12-2022,Hyderabad,Wholesale
C0991,Angela Munoz,29-07-2023,Chennai,Wholesale
C0992,Daniel Rush,30-05-2024,Bangalore,Regular
C0993,Breanna Bartlett,22-09-2023,Kolkata,Regular
C0994,Christina Roman,22-12-2023,Delhi,Wholesale
C0995,Stacy Phillips,10-02-2023,Chennai,Premium
C0996,Kenneth Santos,10-03-2024,Delhi,Regular
C0997,Michael Valdez,11-12-2023,Chennai,Premium
C0998,James Welch,22-07-2023,Hyderabad,Regular
C0999,Kevin Alvarado,01-04-2024,Mumbai,Regular
C1000,Courtney Rodriguez,20-06-2024,Bangalore,Regular
